[
	{
		"no": 1990,
		"pol":
		{
			"kw":
			[
				{
					"f":10,
					"w":"DPNK"
				}
			],
			"sub":10,
			"obj":90
		},
		"his":
		{
			"kw":
			[
				{
					"f":10,
					"w":"DPNK"
				}
			],
			"sub": 10,
			"obj": 90,
			"over":
			{
				"pol": 
				{
					"perc":7,
					"kw":[]
				},
				"food":
				{
					"perc":7,
					"kw":[]
				}
			}
		},
		"food":
		{
			"kw":
			[
				{
					"f":10,
					"w":"DPNK"
				}
			]
		},
		"news":
		{
			"sub":10,
			"obj":90,
			"pol":
			{
				"kw":
				[
					{
						"f":10,
						"w":"DPNK"
					}
				]
			},			
			"his":
			{
				"kw":
				[
					{
						"f":10,
						"w":"DPNK"
					}
				]
			},
			"food":
			{
				"kw":
				[
					{
						"f":10,
						"w":"DPNK"
					}
				]
			},
			"no_over":
			{
				"kw":
				[
					{
						"f":10,
						"w":"DPNK"
					}
				]
			}
		}
	}
]